-- 初始化菜单
insert into menus (id,identifier,name,description,indexPage,contentPage) values ('m001','m001','用户管理','用户管理机构管理，角色管理，三个模块中间以逗号隔开','/module/user_manager/organization/index.jsp,/module/user_manager/user/index.jsp,/module/user_manager/role/index.jsp','organization.do?dealMethod=');
insert into menus (id,identifier,name,description,indexPage,contentPage) values ('m002','m002','文章管理','文章管理，格式管理，两个模块中间以逗号隔开','/module/article_manager/article/index.jsp,/module/article_manager/format/index.jsp','article.do?dealMethod=&operationType=article');
insert into menus (id,identifier,name,description,indexPage,contentPage) values ('m003','m003','文档管理','文档管理','/module/document_manager/index.jsp','category.do?dealMethod=&nodeId=f004');
insert into menus (id,identifier,name,description,indexPage,contentPage) values ('m004','m004','栏目管理','栏目管理相关内容','/module/column_manager/index.jsp','column.do?dealMethod=&nodeId=0&operationType=column');
insert into menus (id,identifier,name,description,indexPage,contentPage) values ('m005','m005','网站管理','网站管理相关内容','/module/site_manager/index.jsp','site.do?dealMethod=');
insert into menus (id,identifier,name,description,indexPage,contentPage) values ('m006','m006','模板管理','模板管理相关内容','/module/template_manager/index.jsp','templateCategory.do?dealMethod=&nodeId=0');
insert into menus (id,identifier,name,description,indexPage,contentPage) values ('m007','m007','模板设置','网站设置相关内容','/module/template_set/index.jsp','templateUnit.do?dealMethod=&nodeId=0');
insert into menus (id,identifier,name,description,indexPage,contentPage) values ('m008','m008','功能单元','一些增强功能','/pluginInit.do?dealMethod=load','');
insert into menus (id,identifier,name,description,indexPage,contentPage) values ('m009','m009','发布管理','发布相关','/module/publish_manager/index.jsp','publish.do?dealMethod=');
insert into menus (id,identifier,name,description,indexPage,contentPage) values ('m010','m010','系统设置','系统设置','/module/config_manager/index.jsp','');
 

--初始化菜单具体功能权限
insert into menufunctions (id,functionName,menu_id) values('f001','用户管理','m001');
insert into menufunctions (id,functionName,menu_id) values('f002','文章管理→文章管理','m002');
insert into menufunctions (id,functionName,menu_id) values('f003','文章管理→格式管理','m002');
insert into menufunctions (id,functionName,menu_id) values('f004','文档管理→图片类别','m003');
insert into menufunctions (id,functionName,menu_id) values('f005','文档管理→Flash类别','m003');
insert into menufunctions (id,functionName,menu_id) values('f006','文档管理→附件类别','m003');
insert into menufunctions (id,functionName,menu_id) values('f007','文档管理→js脚本类别','m003');
insert into menufunctions (id,functionName,menu_id) values('f008','栏目管理','m004');
insert into menufunctions (id,functionName,menu_id) values('f009','网站管理','m005');
insert into menufunctions (id,functionName,menu_id) values('f010','模板管理','m006');
insert into menufunctions (id,functionName,menu_id) values('f011','模板设置','m007');
insert into menufunctions (id,functionName,menu_id) values('f012','发布管理','m009');
 
insert into menufunctions (id,functionName,menu_id) values('f014','系统设置→日志管理 ','m010');
insert into menufunctions (id,functionName,menu_id) values('f015','系统设置→作者设置 ','m010');
insert into menufunctions (id,functionName,menu_id) values('f016','系统设置→来源设置 ','m010');
insert into menufunctions (id,functionName,menu_id) values('f017','系统设置→热点链接 ','m010');
insert into menufunctions (id,functionName,menu_id) values('f018','系统设置→信息过滤设置 ','m010');
insert into menufunctions (id,functionName,menu_id) values('f019','系统设置→水印设置 ','m010');
insert into menufunctions (id,functionName,menu_id) values('f020','功能单元→网上调查 ','m008');
insert into menufunctions (id,functionName,menu_id) values('f021','功能单元→文章评论','m008');
insert into menufunctions (id,functionName,menu_id) values('f022','功能单元→网上公告 ','m008');
insert into menufunctions (id,functionName,menu_id) values('f023','功能单元→留言本  ','m008');
insert into menufunctions (id,functionName,menu_id) values('f024','功能单元→RSS','m008');
insert into menufunctions (id,functionName,menu_id) values('f025','功能单元→互动信箱','m008');

-- 初始化用户和角色
insert into users (id,loginname,password,name,registerdate,deleted) values ('u1','admin','f14cf4eca31dac45702e5b4a24975337','超级管理员',null,0);
insert into roles (id,name,description,createtime,defaulted) values ('r1','系统管理员','拥有整个系统的管理权限',null,0);

-- 初始化模板单元类别
insert into template_unit_categories (id,name,configfile,configurl) values ('t1','静态单元','/module/template_set/unit/config/static_unit.xml','staticUnit.do');
insert into template_unit_categories (id,name,configfile,configurl) values ('t2','栏目链接','/module/template_set/unit/config/column_link.xml','columnLink.do');
insert into template_unit_categories (id,name,configfile,configurl) values ('t3','标题链接','/module/template_set/unit/config/title_link.xml','titleLink.do');
insert into template_unit_categories (id,name,configfile,configurl) values ('t4','当前位置','/module/template_set/config/unit/current_location.xml','currentLocation.do');
insert into template_unit_categories (id,name,configfile,configurl) values ('t5','图片新闻','/module/template_set/unit/config/picture_news.xml','pictureNews.do');
insert into template_unit_categories (id,name,configfile,configurl) values ('t6','最新信息','/module/template_set/unit/config/latest_info.xml','latestInfo.do');
insert into template_unit_categories (id,name,configfile,configurl) values ('t7','文章正文','/module/template_set/unit/config/article_text.xml','articleText.do');
insert into template_unit_categories (id,name,configfile,configurl) values ('t8','期刊（按分类）','/module/template_set/unit/config/magazine_category.xml','magazineCategory.do');
insert into template_unit_categories (id,name,configfile,configurl) values ('t9','标题链接（分页）','/module/template_set/unit/config/title_link_page.xml','titleLinkPage.do');
insert into template_unit_categories (id,name,configfile,configurl) values ('t10','网上调查','/module/template_set/unit/config/online_survery.xml','onlineSurverySet.do');
-- 初始化操作
insert into operations (id,name,description,types) values('o001','0','空格','5');
insert into operations (id,name,description,types) values('o002','add','新增','0');
insert into operations (id,name,description,types) values('o003','delete','删除','0');
insert into operations (id,name,description,types) values('o004','save','保存','0');
insert into operations (id,name,description,types) values('o005','import','导入','0');
insert into operations (id,name,description,types) values('o006','present','呈送','1');
insert into operations (id,name,description,types) values('o007','move','转移','1');
insert into operations (id,name,description,types) values('o008','audit','审核','1');
insert into operations (id,name,description,types) values('o009','send','发送','5');
insert into operations (id,name,description,types) values('o010','forward','转发','5');
insert into operations (id,name,description,types) values('o011','return','返回','5');
insert into operations (id,name,description,types) values('o012','preview','预览','5');
insert into operations (id,name,description,types) values('o013','update','更新','5');
insert into operations (id,name,description,types) values('o014','exit','退出','5');
insert into operations (id,name,description,types) values('o016','export','导出','0');
insert into operations (id,name,description,types) values('o017','copy','复制','0');
insert into operations (id,name,description,types) values('o018','paste','粘贴','0');
insert into operations (id,name,description,types) values('o019','sort','排序','0');
insert into operations (id,name,description,types) values('o020','choose','选择','0');
insert into operations (id,name,description,types) values('o021','recycle','回收站','1');
insert into operations (id,name,description,types) values('o022','revert','还原','1');
insert into operations (id,name,description,types) values('o023','reply','回复','5');
insert into operations (id,name,description,types) values('o024','add','新增','1');
insert into operations (id,name,description,types) values('o025','delete','删除','1');
insert into operations (id,name,description,types) values('o026','save','保存','1');
insert into operations (id,name,description,types) values('o027','sort','排序','1');
insert into operations (id,name,description,types) values('o028','publish','发布','1');
insert into operations (id,name,description,types) values('o029','none','无操作','9');

insert into operations (id,name,description,types) values('o031','export','导出','1');
insert into operations (id,name,description,types) values('o032','import','导入','1');
insert into operations (id,name,description,types) values('o033','clear','清空','5');
insert into operations (id,name,description,types) values('o034','set','设置','5');
insert into operations (id,name,description,types) values('o035','refresh','刷新','5');
insert into operations (id,name,description,types) values('o036','draft','撤搞','1');
insert into operations (id,name,description,types) values('o037','templateSet','模板设置是否包含此栏目','2');

-- 初始化文章格式
insert into article_formats(id,name,fields,currInteger,currFloat,currText,currTextArea,currDate,currBool,currPic,currAttach,currMedia,defaults,description,createTime,template_id,creator_id,currEnumeration) values('f1', '默认格式', 'id,title,deleted,audited,published,createTime,displayTime,publishTime,auditTime,invalidTime,column_id,site_id,format_id,creator_id,auditor_id', 0,0,0,0,0,0,0,0,0,1,null,null,null,'u1',0);

-- 初始化文章属性
insert into article_attributes(id,attributeName,attributeType,fieldName,showed,modified,empty,createTime,article_format_id,orders) values('a1','标题','text','title',1,1,0,null,'f1',0);
insert into article_attributes(id,attributeName,attributeType,fieldName,showed,modified,empty,createTime,article_format_id,orders) values('a2','副标题','text','subtitle',1,1,1,null,'f1',0);
insert into article_attributes(id,attributeName,attributeType,fieldName,showed,modified,empty,createTime,article_format_id,orders) values('a3','引题','text','leadingTitle',1,1,1,null,'f1',0);
insert into article_attributes(id,attributeName,attributeType,fieldName,showed,modified,empty,createTime,article_format_id,orders) values('a4','链接地址','text','url',1,1,1,null,'f1',0);
insert into article_attributes(id,attributeName,attributeType,fieldName,showed,modified,empty,createTime,article_format_id,orders) values('a5','信息来源','text','infoSource',1,1,1,null,'f1',0);
insert into article_attributes(id,attributeName,attributeType,fieldName,showed,modified,empty,createTime,article_format_id,orders) values('a6','作者','text','author',1,1,1,null,'f1',0);
insert into article_attributes(id,attributeName,attributeType,fieldName,showed,modified,empty,createTime,article_format_id,orders) values('a7','内容','textArea','textArea',1,1,1,null,'f1',0);
insert into article_attributes(id,attributeName,attributeType,fieldName,showed,modified,empty,createTime,article_format_id,orders) values('a8','关键字','text','keyword',1,1,1,null,'f1',0);
insert into article_attributes(id,attributeName,attributeType,fieldName,showed,modified,empty,createTime,article_format_id,orders) values('a9','摘要','text','brief',1,1,1,null,'f1',0);
insert into article_attributes(id,attributeName,attributeType,fieldName,showed,modified,empty,createTime,article_format_id,orders) values('a10','图片','pic','pic',1,1,1,null,'f1',0);
insert into article_attributes(id,attributeName,attributeType,fieldName,showed,modified,empty,createTime,article_format_id,orders) values('a11','附件','attach','attach',1,1,1,null,'f1',0);
insert into article_attributes(id,attributeName,attributeType,fieldName,showed,modified,empty,createTime,article_format_id,orders) values('a12','媒体','media','media',1,1,1,null,'f1',0);
insert into article_attributes(id,attributeName,attributeType,fieldName,showed,modified,empty,createTime,article_format_id,orders) values('a13','创建时间','date','createTime',1,0,0,null,'f1',0);
insert into article_attributes(id,attributeName,attributeType,fieldName,showed,modified,empty,createTime,article_format_id,orders) values('a14','显示时间','date','displayTime',1,1,1,null,'f1',0);
insert into article_attributes(id,attributeName,attributeType,fieldName,showed,modified,empty,createTime,article_format_id,orders) values('a15','审核时间','date','auditTime',1,0,1,null,'f1',0);
insert into article_attributes(id,attributeName,attributeType,fieldName,showed,modified,empty,createTime,article_format_id,orders) values('a16','失效时间','date','invalidTime',1,1,1,null,'f1',0);
insert into article_attributes(id,attributeName,attributeType,fieldName,showed,modified,empty,createTime,article_format_id,orders) values('a17','发布时间','date','publishTime',1,0,1,null,'f1',0);
insert into article_attributes(id,attributeName,attributeType,fieldName,showed,modified,empty,createTime,article_format_id,orders) values('a18','是否删除','bool','deleted',0,1,1,null,'f1',0);
insert into article_attributes(id,attributeName,attributeType,fieldName,showed,modified,empty,createTime,article_format_id,orders) values('a19','是否审核','bool','audited',0,1,1,null,'f1',0);
insert into article_attributes(id,attributeName,attributeType,fieldName,showed,modified,empty,createTime,article_format_id,orders) values('a20','是否发布','bool','publishState',0,1,1,null,'f1',0);
insert into article_attributes(id,attributeName,attributeType,fieldName,showed,modified,empty,createTime,article_format_id,orders) values('a21','置顶','bool','toped',1,1,0,null,'f1',0);
insert into article_attributes(id,attributeName,attributeType,fieldName,showed,modified,empty,createTime,article_format_id,orders) values('a22','过滤关键词','bool','keyFilter',1,1,0,null,'f1',0);

-- 初始化日志的操作
insert into module_categories (id, name, status) values('mc1', '栏目管理->添加', 1);
insert into module_categories (id, name, status) values('mc2', '栏目管理->删除', 1);
insert into module_categories (id, name, status) values('mc3', '栏目管理->修改', 1);
insert into module_categories (id, name, status) values('mc4', '栏目管理->导入', 1);
insert into module_categories (id, name, status) values('mc5', '栏目管理->导出', 1);
insert into module_categories (id, name, status) values('mc6', '栏目管理->复制', 1);
insert into module_categories (id, name, status) values('mc7', '栏目管理->排序', 1);
insert into module_categories (id, name, status) values('mc8', '文档管理（图片类别）->添加', 1);
insert into module_categories (id, name, status) values('mc9', '文档管理（图片类别）->删除', 1);
insert into module_categories (id, name, status) values('mc10', '文档管理（图片类别）->修改', 1);
insert into module_categories (id, name, status) values('mc11', '图片类别->上传图片', 1);
insert into module_categories (id, name, status) values('mc12', '图片类别->删除图片', 1);
insert into module_categories (id, name, status) values('mc13', '文档管理（flash类别）->添加', 1);
insert into module_categories (id, name, status) values('mc14', '文档管理（flash类别）->删除', 1);
insert into module_categories (id, name, status) values('mc15', '文档管理（flash类别）->修改', 1);
insert into module_categories (id, name, status) values('mc16', 'flash类别->上传flash', 1);
insert into module_categories (id, name, status) values('mc17', 'flash类别->删除flash', 1);
insert into module_categories (id, name, status) values('mc18', '文档管理（附件类别）->添加', 1);
insert into module_categories (id, name, status) values('mc19', '文档管理（附件类别）->删除', 1);
insert into module_categories (id, name, status) values('mc20', '文档管理（附件类别）->修改', 1);
insert into module_categories (id, name, status) values('mc21', '附件类别->上传附件', 1);
insert into module_categories (id, name, status) values('mc22', '附件类别->删除附件', 1);
insert into module_categories (id, name, status) values('mc23', '文档管理（js类别）->添加', 1);
insert into module_categories (id, name, status) values('mc24', '文档管理（js类别）->删除', 1);
insert into module_categories (id, name, status) values('mc25', '文档管理（js类别）->修改', 1);
insert into module_categories (id, name, status) values('mc26', 'js类别->上传js', 1);
insert into module_categories (id, name, status) values('mc27', 'js类别->删除js', 1);
insert into module_categories (id, name, status) values('mc28', '网站管理->添加', 1);
insert into module_categories (id, name, status) values('mc29', '网站管理->删除', 1);
insert into module_categories (id, name, status) values('mc30', '网站管理->修改', 1);
insert into module_categories (id, name, status) values('mc31', '机构管理->添加', 1);
insert into module_categories (id, name, status) values('mc32', '机构管理->删除', 1);
insert into module_categories (id, name, status) values('mc33', '机构管理->修改', 1);
insert into module_categories (id, name, status) values('mc34', '用户管理->添加', 1);
insert into module_categories (id, name, status) values('mc35', '用户管理->删除', 1);
insert into module_categories (id, name, status) values('mc36', '用户管理->修改', 1);
insert into module_categories (id, name, status) values('mc37', '用户管理(角色权限)->保存', 1);
insert into module_categories (id, name, status) values('mc38', '用户管理(栏目权限)->保存', 1);
insert into module_categories (id, name, status) values('mc39', '用户管理(文章权限)->保存', 1);
insert into module_categories (id, name, status) values('mc40', '用户管理(功能权限)->保存', 1);
insert into module_categories (id, name, status) values('mc41', '角色管理->添加', 1);
insert into module_categories (id, name, status) values('mc42', '角色管理->删除', 1);
insert into module_categories (id, name, status) values('mc43', '角色管理->修改', 1);
insert into module_categories (id, name, status) values('mc44', '角色管理(栏目及菜单权限)->保存', 1);
insert into module_categories (id, name, status) values('mc45', '角色管理(文章权限)->保存', 1);
insert into module_categories (id, name, status) values('mc46', '文章管理->添加', 1);
insert into module_categories (id, name, status) values('mc47', '文章管理->审核', 1);
insert into module_categories (id, name, status) values('mc48', '文章管理->删除', 1);
insert into module_categories (id, name, status) values('mc49', '文章管理->修改', 1);
insert into module_categories (id, name, status) values('mc50', '文章管理（回收站）->删除', 1);
insert into module_categories (id, name, status) values('mc51', '文章管理->呈送', 1);
insert into module_categories (id, name, status) values('mc52', '文章管理->转移', 1);
insert into module_categories (id, name, status) values('mc53', '文章管理->排序', 1);
insert into module_categories (id, name, status) values('mc54', '文章管理->发布', 1);
insert into module_categories (id, name, status) values('mc55', '文章管理->预览', 1);
insert into module_categories (id, name, status) values('mc56', '文章管理->还原', 1);
insert into module_categories (id, name, status) values('mc57', '格式管理->添加', 1);
insert into module_categories (id, name, status) values('mc58', '格式管理->删除', 1);
insert into module_categories (id, name, status) values('mc59', '格式管理->修改', 1);
insert into module_categories (id, name, status) values('mc60', '格式管理（属性管理）->添加', 1);
insert into module_categories (id, name, status) values('mc61', '格式管理（属性管理）->删除', 1);
insert into module_categories (id, name, status) values('mc62', '格式管理（属性管理）->修改', 1);
insert into module_categories (id, name, status) values('mc63', '模板管理（类别管理）->添加', 1);
insert into module_categories (id, name, status) values('mc64', '模板管理（类别管理）->修改', 1);
insert into module_categories (id, name, status) values('mc65', '模板管理（类别管理）->删除', 1);
insert into module_categories (id, name, status) values('mc66', '模板管理（模板管理）->导入', 1);
insert into module_categories (id, name, status) values('mc67', '模板管理（模板管理）->更新', 1);
insert into module_categories (id, name, status) values('mc68', '模板管理（模板管理）->删除', 1);
insert into module_categories (id, name, status) values('mc69', '模板管理（模板管理）->复制', 1);
insert into module_categories (id, name, status) values('mc70', '模板管理（模板管理）->页面下载', 1);
insert into module_categories (id, name, status) values('mc71', '模板管理（模板管理）->模版下载', 1);
insert into module_categories (id, name, status) values('mc72', '模板管理（模板管理）->模版预览', 1);
insert into module_categories (id, name, status) values('mc73', '模板管理（实例管理）->添加', 1);
insert into module_categories (id, name, status) values('mc74', '模板管理（实例管理）->删除', 1);
insert into module_categories (id, name, status) values('mc75', '模板管理（实例管理）->更名', 1);
insert into module_categories (id, name, status) values('mc76', '模板设置->选择网站首页', 1);
insert into module_categories (id, name, status) values('mc77', '模板设置->撤销网站首页', 1);
insert into module_categories (id, name, status) values('mc78', '模板设置->选择网站栏目页', 1);
insert into module_categories (id, name, status) values('mc79', '模板设置->撤销网站栏目页', 1);
insert into module_categories (id, name, status) values('mc80', '模板设置->选择网站文章页', 1);
insert into module_categories (id, name, status) values('mc81', '模板设置->撤销网站文章页', 1);
insert into module_categories (id, name, status) values('mc82', '模板设置（栏目）->选择栏目页', 1);
insert into module_categories (id, name, status) values('mc83', '模板设置（栏目）->选择文章页', 1);
insert into module_categories (id, name, status) values('mc84', '模板设置（栏目）->撤销栏目页', 1);
insert into module_categories (id, name, status) values('mc85', '模板设置（栏目）->撤销文章页', 1);
insert into module_categories (id, name, status) values('mc86', '模板设置(静态单元)->保存', 1);
insert into module_categories (id, name, status) values('mc87', '模板设置(栏目链接)(样式管理)->添加', 1);
insert into module_categories (id, name, status) values('mc88', '模板设置(栏目链接)(样式管理)->修改', 1);
insert into module_categories (id, name, status) values('mc89', '模板设置(栏目链接)(样式管理)->删除', 1);
insert into module_categories (id, name, status) values('mc90', '模板设置(栏目链接)->保存', 1);
insert into module_categories (id, name, status) values('mc91', '模板设置(标题链接)(样式管理)->添加', 1);
insert into module_categories (id, name, status) values('mc92', '模板设置(标题链接)(样式管理)->修改', 1);
insert into module_categories (id, name, status) values('mc93', '模板设置(标题链接)(样式管理)->删除', 1);
insert into module_categories (id, name, status) values('mc94', '模板设置(标题链接)->保存', 1);
insert into module_categories (id, name, status) values('mc95', '模板设置(当前位置)(样式管理)->添加', 1);
insert into module_categories (id, name, status) values('mc96', '模板设置(当前位置)(样式管理)->修改', 1);
insert into module_categories (id, name, status) values('mc97', '模板设置(当前位置)(样式管理)->删除', 1);
insert into module_categories (id, name, status) values('mc98', '模板设置(当前位置)->保存', 1);
insert into module_categories (id, name, status) values('mc99', '模板设置(图片新闻)(样式管理)->添加', 1);
insert into module_categories (id, name, status) values('mc100', '模板设置(图片新闻)(样式管理)->修改', 1);
insert into module_categories (id, name, status) values('mc101', '模板设置(图片新闻)(样式管理)->删除', 1);
insert into module_categories (id, name, status) values('mc102', '模板设置(图片新闻)->保存', 1);
insert into module_categories (id, name, status) values('mc103', '模板设置(最新信息)->保存', 1);
insert into module_categories (id, name, status) values('mc104', '模板设置(文章正文)(样式管理)->添加', 1);
insert into module_categories (id, name, status) values('mc105', '模板设置(文章正文)(样式管理)->修改', 1);
insert into module_categories (id, name, status) values('mc106', '模板设置(文章正文)(样式管理)->删除', 1);
insert into module_categories (id, name, status) values('mc107', '模板设置(文章正文)->保存', 1);
insert into module_categories (id, name, status) values('mc108', '模板设置(期刊分类)(样式管理)->添加', 1);
insert into module_categories (id, name, status) values('mc109', '模板设置(期刊分类)(样式管理)->修改', 1);
insert into module_categories (id, name, status) values('mc110', '模板设置(期刊分类)(样式管理)->删除', 1);
insert into module_categories (id, name, status) values('mc111', '模板设置(期刊分类)->保存', 1);
insert into module_categories (id, name, status) values('mc112', '发布管理->发布栏目页', 1);
insert into module_categories (id, name, status) values('mc113', '发布管理->发布文章页', 1);
insert into module_categories (id, name, status) values('mc114', '发布管理->发布列表页', 1);
insert into module_categories (id, name, status) values('mc115', '发布管理->发布资源', 1);
insert into module_categories (id, name, status) values('mc116', '发布管理->整站发布', 1);
insert into module_categories (id, name, status) values('mc117', '菜单管理->菜单排序', 1);
insert into module_categories (id, name, status) values('mc118', '枚举类型->添加', 1);
insert into module_categories (id, name, status) values('mc119', '枚举类型->修改', 1);
insert into module_categories (id, name, status) values('mc120', '枚举类型->删除', 1);
insert into module_categories (id, name, status) values('mc121', '枚举类型->导入', 1);
insert into module_categories (id, name, status) values('mc122', '枚举类型->导出', 1);
insert into module_categories (id, name, status) values('mc123', '文章管理->置顶', 1);
insert into module_categories (id, name, status) values('mc124', '文章管理->取消置顶', 1);
insert into module_categories (id, name, status) values('mc125', '文章管理->添加并审核', 1);
insert into module_categories (id, name, status) values('mc126', '文章管理->修改并审核', 1);
insert into module_categories (id, name, status) values('mc127', '模板管理（模板管理）->编辑', 1);
insert into module_categories (id, name, status) values('mc128', '文档管理(JS脚本管理)->编辑', 1);
--reneralsystemset_categorys 是generalsystemsets系统设置表的主表
insert into reneralsystemset_categorys  (ID,CATEGORYNAME) values ('f015','作者设置');
insert into reneralsystemset_categorys  (ID,CATEGORYNAME) values ('f016','来源设置');
insert into reneralsystemset_categorys  (ID,CATEGORYNAME) values ('f013','插入图片设置');
insert into reneralsystemset_categorys  (ID,CATEGORYNAME) values ('f017','热点链接');
insert into reneralsystemset_categorys  (ID,CATEGORYNAME) values ('f018','信息过滤设置');



--filter_category 过滤关键字 information_filter过滤表的主表
insert into filter_category  (ID,CATEGORYNAME) values ('1','不替换');   
insert into filter_category  (ID,CATEGORYNAME) values ('2','完全替换');  
insert into filter_category  (ID,CATEGORYNAME) values ('3','前向对替换');   
insert into filter_category  (ID,CATEGORYNAME) values ('4','完全替换');   
insert into filter_category  (ID,CATEGORYNAME) values ('5','添加');   
insert into filter_category  (ID,CATEGORYNAME) values ('6',' 链接替换'); 

